run_id,folder,batch_size,dropout,hidden_dim,learning_rate,n_bins,n_layers,patience,pca_variance,weight_decay,accuracy,precision,recall,f1,auroc,avg_precision,best_val_loss,final_train_loss,train_val_gap,epochs_trained,train_time_sec,n_pca_total,n_pca_fp,n_pca_ch,tail_bound,TP,FP,TN,FN
1,run_0001,32,0.3,24,0.0003,5,4,20,0.9,0.0001,0.9217,0.8491,0.8182,0.8333,0.9674,0.8932,122.8487,99.5441,23.7923,100,18.7,85,56,29,32.25,45,8,167,10
2,run_0002,32,0.3,24,0.0003,5,8,20,0.9,0.0001,0.887,0.7164,0.8727,0.7869,0.9441,0.8306,115.6477,82.9949,35.2155,81,28.0,85,56,29,32.25,48,19,156,7
3,run_0003,32,0.3,24,0.0003,8,4,20,0.9,0.0001,0.8957,0.7067,0.9636,0.8154,0.962,0.8843,124.3899,100.2738,24.4174,117,26.5,85,56,29,32.25,53,22,153,2
4,run_0004,32,0.3,24,0.0003,8,8,20,0.9,0.0001,0.913,0.7778,0.8909,0.8305,0.9664,0.8973,126.686,85.9583,43.1091,90,53.7,85,56,29,32.25,49,14,161,6
5,run_0005,32,0.3,24,0.0005,5,4,20,0.9,0.0001,0.9391,0.8727,0.8727,0.8727,0.9708,0.9043,121.2766,95.2567,27.3195,86,15.7,85,56,29,32.25,48,7,168,7
6,run_0006,32,0.3,24,0.0005,5,8,20,0.9,0.0001,0.9348,0.8333,0.9091,0.8696,0.9784,0.9276,114.1853,80.2798,34.937,73,25.7,85,56,29,32.25,50,10,165,5
7,run_0007,32,0.3,24,0.0005,8,4,20,0.9,0.0001,0.9087,0.75,0.9273,0.8293,0.9559,0.8428,130.4739,102.2257,29.341,58,12.0,85,56,29,32.25,51,17,158,4
8,run_0008,32,0.3,24,0.0005,8,8,20,0.9,0.0001,0.9217,0.7846,0.9273,0.85,0.9586,0.8448,124.199,82.2734,48.1608,79,33.7,85,56,29,32.25,51,14,161,4
9,run_0009,32,0.3,32,0.0003,5,4,20,0.9,0.0001,0.9,0.7222,0.9455,0.8189,0.9638,0.8629,123.0887,97.6368,26.4862,70,14.8,85,56,29,32.25,52,20,155,3
10,run_0010,32,0.3,32,0.0003,5,8,20,0.9,0.0001,0.9348,0.8448,0.8909,0.8673,0.9726,0.8837,116.5546,80.1599,37.9936,67,28.8,85,56,29,32.25,49,9,166,6
11,run_0011,32,0.3,32,0.0003,8,4,20,0.9,0.0001,0.9087,0.7833,0.8545,0.8174,0.9625,0.8848,127.6128,97.6516,31.3301,99,23.4,85,56,29,32.25,47,13,162,8
12,run_0012,32,0.3,32,0.0003,8,8,20,0.9,0.0001,0.913,0.807,0.8364,0.8214,0.959,0.8565,124.5939,80.8482,48.6225,87,41.1,85,56,29,32.25,46,11,164,9
13,run_0013,32,0.3,32,0.0005,5,4,20,0.9,0.0001,0.9261,0.8167,0.8909,0.8522,0.9758,0.927,122.1862,90.8812,32.6189,69,12.7,85,56,29,32.25,49,11,164,6
14,run_0014,32,0.3,32,0.0005,5,8,20,0.9,0.0001,0.9217,0.8033,0.8909,0.8448,0.9661,0.8726,115.4469,75.6178,43.2588,65,22.2,85,56,29,32.25,49,12,163,6
15,run_0015,32,0.3,32,0.0005,8,4,20,0.9,0.0001,0.9174,0.7812,0.9091,0.8403,0.9596,0.864,130.2816,100.8134,31.606,49,12.7,85,56,29,32.25,50,14,161,5
16,run_0016,32,0.3,32,0.0005,8,8,20,0.9,0.0001,0.9,0.7286,0.9273,0.816,0.9611,0.875,128.284,80.831,52.1213,65,30.9,85,56,29,32.25,51,19,156,4
17,run_0017,32,0.3,64,0.0003,5,4,20,0.9,0.0001,0.9217,0.8033,0.8909,0.8448,0.9658,0.8781,126.2768,91.0519,38.3891,49,10.9,85,56,29,32.25,49,12,163,6
18,run_0018,32,0.3,64,0.0003,5,8,20,0.9,0.0001,0.8913,0.7143,0.9091,0.8,0.9553,0.8347,117.5927,75.1594,43.9274,46,17.5,85,56,29,32.25,50,20,155,5
19,run_0019,32,0.3,64,0.0003,8,4,20,0.9,0.0001,0.9217,0.8491,0.8182,0.8333,0.9653,0.8955,132.8284,92.7002,41.9807,59,12.7,85,56,29,32.25,45,8,167,10
20,run_0020,32,0.3,64,0.0003,8,8,20,0.9,0.0001,0.9261,0.8276,0.8727,0.8496,0.9675,0.883,132.5764,77.4147,64.6446,59,27.8,85,56,29,32.25,48,10,165,7
21,run_0021,32,0.3,64,0.0005,5,4,20,0.9,0.0001,0.9174,0.8103,0.8545,0.8319,0.9665,0.884,125.1717,87.4194,42.4842,48,9.4,85,56,29,32.25,47,11,164,8
22,run_0022,32,0.3,64,0.0005,5,8,20,0.9,0.0001,0.913,0.7692,0.9091,0.8333,0.9579,0.861,120.4728,70.7083,52.6292,47,17.4,85,56,29,32.25,50,15,160,5
23,run_0023,32,0.3,64,0.0005,8,4,20,0.9,0.0001,0.913,0.7465,0.9636,0.8413,0.9622,0.8517,136.1952,86.3207,55.8226,60,12.8,85,56,29,32.25,53,18,157,2
24,run_0024,32,0.3,64,0.0005,8,8,20,0.9,0.0001,0.9217,0.8246,0.8545,0.8393,0.9623,0.8732,126.9906,71.1308,61.755,60,26.3,85,56,29,32.25,47,10,165,8
25,run_0025,32,0.4,24,0.0003,5,4,20,0.9,0.0001,0.9174,0.75,0.9818,0.8504,0.9719,0.9007,122.9484,99.8905,24.0635,97,17.3,85,56,29,32.25,54,18,157,1
26,run_0026,32,0.4,24,0.0003,5,8,20,0.9,0.0001,0.9174,0.8,0.8727,0.8348,0.9645,0.878,114.5648,82.9534,33.0911,78,27.3,85,56,29,32.25,48,12,163,7
27,run_0027,32,0.4,24,0.0003,8,4,20,0.9,0.0001,0.913,0.807,0.8364,0.8214,0.9568,0.8556,136.584,105.797,33.2524,78,16.2,85,56,29,32.25,46,11,164,9
28,run_0028,32,0.4,24,0.0003,8,8,20,0.9,0.0001,0.9217,0.8776,0.7818,0.8269,0.9657,0.8859,121.8399,89.8593,36.4036,74,29.3,85,56,29,32.25,43,6,169,12
29,run_0029,32,0.4,24,0.0005,5,4,20,0.9,0.0001,0.9435,0.9038,0.8545,0.8785,0.9745,0.9272,120.9459,96.2005,26.9866,82,15.3,85,56,29,32.25,47,5,170,8
30,run_0030,32,0.4,24,0.0005,5,8,20,0.9,0.0001,0.9217,0.8364,0.8364,0.8364,0.9626,0.8779,113.3361,78.8357,37.9104,79,28.0,85,56,29,32.25,46,9,166,9
31,run_0031,32,0.4,24,0.0005,8,4,20,0.9,0.0001,0.9217,0.8364,0.8364,0.8364,0.9699,0.8976,126.64,96.0054,31.6057,94,20.3,85,56,29,32.25,46,9,166,9
32,run_0032,32,0.4,24,0.0005,8,8,20,0.9,0.0001,0.8957,0.7313,0.8909,0.8033,0.9473,0.8083,126.647,87.2205,43.3207,57,23.6,85,56,29,32.25,49,18,157,6
33,run_0033,32,0.4,32,0.0003,5,4,20,0.9,0.0001,0.9348,0.8333,0.9091,0.8696,0.9734,0.9274,120.2111,91.6979,29.0017,120,20.8,85,56,29,32.25,50,10,165,5
34,run_0034,32,0.4,32,0.0003,5,8,20,0.9,0.0001,0.8957,0.7123,0.9455,0.8125,0.9561,0.8637,116.8309,82.872,35.0486,54,19.2,85,56,29,32.25,52,21,154,3
35,run_0035,32,0.4,32,0.0003,8,4,20,0.9,0.0001,0.8913,0.7083,0.9273,0.8031,0.9583,0.8604,130.2041,99.2367,32.9773,95,19.9,85,56,29,32.25,51,21,154,4
36,run_0036,32,0.4,32,0.0003,8,8,20,0.9,0.0001,0.9174,0.7647,0.9455,0.8455,0.9695,0.9126,125.5491,87.8727,40.788,62,26.0,85,56,29,32.25,52,16,159,3
37,run_0037,32,0.4,32,0.0005,5,4,20,0.9,0.0001,0.9217,0.7761,0.9455,0.8525,0.9624,0.8411,123.5398,94.242,31.4257,70,14.2,85,56,29,32.25,52,15,160,3
38,run_0038,32,0.4,32,0.0005,5,8,20,0.9,0.0001,0.9043,0.7797,0.8364,0.807,0.9626,0.889,116.6657,80.8848,37.3712,52,18.0,85,56,29,32.25,46,13,162,9
39,run_0039,32,0.4,32,0.0005,8,4,20,0.9,0.0001,0.9217,0.7761,0.9455,0.8525,0.9676,0.8999,131.2844,94.6479,40.2504,82,19.0,85,56,29,32.25,52,15,160,3
40,run_0040,32,0.4,32,0.0005,8,8,20,0.9,0.0001,0.9217,0.7937,0.9091,0.8475,0.9738,0.9186,124.5768,82.8303,44.579,59,24.8,85,56,29,32.25,50,13,162,5
41,run_0041,32,0.4,64,0.0003,5,4,20,0.9,0.0001,0.9087,0.7833,0.8545,0.8174,0.9599,0.8804,126.1859,89.7787,40.3802,55,10.7,85,56,29,32.25,47,13,162,8
42,run_0042,32,0.4,64,0.0003,5,8,20,0.9,0.0001,0.9087,0.7742,0.8727,0.8205,0.9602,0.8613,118.8955,69.2482,56.3412,62,26.6,85,56,29,32.25,48,14,161,7
43,run_0043,32,0.4,64,0.0003,8,4,20,0.9,0.0001,0.9087,0.7931,0.8364,0.8142,0.9682,0.9072,134.9584,94.2859,46.5696,54,13.3,85,56,29,32.25,46,12,163,9
44,run_0044,32,0.4,64,0.0003,8,8,20,0.9,0.0001,0.9174,0.7727,0.9273,0.843,0.9659,0.8882,128.2698,83.7155,49.4857,49,21.4,85,56,29,32.25,51,15,160,4
45,run_0045,32,0.4,64,0.0005,5,4,20,0.9,0.0001,0.8913,0.7273,0.8727,0.7934,0.9509,0.845,127.3214,90.2363,40.8925,37,7.5,85,56,29,32.25,48,18,157,7
46,run_0046,32,0.4,64,0.0005,5,8,20,0.9,0.0001,0.8957,0.7183,0.9273,0.8095,0.951,0.8083,117.9433,68.5914,54.8126,51,19.8,85,56,29,32.25,51,20,155,4
47,run_0047,32,0.4,64,0.0005,8,4,20,0.9,0.0001,0.9261,0.88,0.8,0.8381,0.9658,0.8873,134.2708,94.0449,44.1895,45,10.5,85,56,29,32.25,44,6,169,11
48,run_0048,32,0.4,64,0.0005,8,8,20,0.9,0.0001,0.8783,0.6709,0.9636,0.791,0.9488,0.8269,130.1427,83.4927,50.1668,39,17.8,85,56,29,32.25,53,26,149,2
49,run_0049,64,0.3,24,0.0003,5,4,20,0.9,0.0001,0.9087,0.7429,0.9455,0.832,0.958,0.8395,126.1727,104.2147,23.2339,71,8.8,85,56,29,32.25,52,18,157,3
50,run_0050,64,0.3,24,0.0003,5,8,20,0.9,0.0001,0.9087,0.7656,0.8909,0.8235,0.9635,0.8795,117.071,84.7407,33.7386,93,22.9,85,56,29,32.25,49,15,160,6
51,run_0051,64,0.3,24,0.0003,8,4,20,0.9,0.0001,0.913,0.7778,0.8909,0.8305,0.9665,0.9051,130.897,110.7575,21.0012,124,14.5,85,56,29,32.25,49,14,161,6
52,run_0052,64,0.3,24,0.0003,8,8,20,0.9,0.0001,0.8957,0.7013,0.9818,0.8182,0.9543,0.8266,130.4526,91.7654,44.0208,96,22.0,85,56,29,32.25,54,23,152,1
53,run_0053,64,0.3,24,0.0005,5,4,20,0.9,0.0001,0.9087,0.7656,0.8909,0.8235,0.9642,0.8876,119.906,95.0867,25.7224,85,10.6,85,56,29,32.25,49,15,160,6
54,run_0054,64,0.3,24,0.0005,5,8,20,0.9,0.0001,0.9304,0.8197,0.9091,0.8621,0.9733,0.9048,116.5743,80.3839,39.4602,68,15.8,85,56,29,32.25,50,11,164,5
55,run_0055,64,0.3,24,0.0005,8,4,20,0.9,0.0001,0.9261,0.8654,0.8182,0.8411,0.9712,0.9196,130.7487,102.1604,29.7475,104,13.1,85,56,29,32.25,45,7,168,10
56,run_0056,64,0.3,24,0.0005,8,8,20,0.9,0.0001,0.9043,0.7391,0.9273,0.8226,0.9553,0.8422,124.555,89.7313,38.1874,62,15.9,85,56,29,32.25,51,18,157,4
57,run_0057,64,0.3,32,0.0003,5,4,20,0.9,0.0001,0.9348,0.8226,0.9273,0.8718,0.9694,0.8812,123.6201,96.0155,28.3945,89,11.0,85,56,29,32.25,51,11,164,4
58,run_0058,64,0.3,32,0.0003,5,8,20,0.9,0.0001,0.887,0.6986,0.9273,0.7969,0.9593,0.8755,118.6365,80.6519,38.8477,65,15.6,85,56,29,32.25,51,22,153,4
59,run_0059,64,0.3,32,0.0003,8,4,20,0.9,0.0001,0.9217,0.8033,0.8909,0.8448,0.9679,0.9003,133.4807,106.0537,29.4808,85,10.4,85,56,29,32.25,49,12,163,6
60,run_0060,64,0.3,32,0.0003,8,8,20,0.9,0.0001,0.9043,0.7619,0.8727,0.8136,0.9617,0.8808,127.8001,89.0977,42.5009,74,18.4,85,56,29,32.25,48,15,160,7
61,run_0061,64,0.3,32,0.0005,5,4,20,0.9,0.0001,0.9087,0.7429,0.9455,0.832,0.9676,0.8929,123.9717,92.8721,33.1311,73,8.8,85,56,29,32.25,52,18,157,3
62,run_0062,64,0.3,32,0.0005,5,8,20,0.9,0.0001,0.8957,0.7385,0.8727,0.8,0.9568,0.8581,118.0367,78.0733,43.0486,55,13.6,85,56,29,32.25,48,17,158,7
63,run_0063,64,0.3,32,0.0005,8,4,20,0.9,0.0001,0.9217,0.8033,0.8909,0.8448,0.9658,0.8919,134.9358,99.8982,38.7352,69,9.5,85,56,29,32.25,49,12,163,6
64,run_0064,64,0.3,32,0.0005,8,8,20,0.9,0.0001,0.8913,0.7143,0.9091,0.8,0.9573,0.8628,125.318,80.8173,49.7915,71,18.6,85,56,29,32.25,50,20,155,5
65,run_0065,64,0.3,64,0.0003,5,4,20,0.9,0.0001,0.9087,0.7742,0.8727,0.8205,0.9592,0.8479,131.0451,92.3536,45.9762,55,7.2,85,56,29,32.25,48,14,161,7
66,run_0066,64,0.3,64,0.0003,5,8,20,0.9,0.0001,0.913,0.807,0.8364,0.8214,0.9619,0.8642,120.5621,77.6546,47.013,40,10.1,85,56,29,32.25,46,11,164,9
67,run_0067,64,0.3,64,0.0003,8,4,20,0.9,0.0001,0.9,0.7667,0.8364,0.8,0.9546,0.8522,138.7331,94.8582,48.0744,67,9.4,85,56,29,32.25,46,14,161,9
68,run_0068,64,0.3,64,0.0003,8,8,20,0.9,0.0001,0.8565,0.625,1.0,0.7692,0.9496,0.8438,138.7221,92.9079,55.0961,35,9.4,85,56,29,32.25,55,33,142,0
69,run_0069,64,0.3,64,0.0005,5,4,20,0.9,0.0001,0.8826,0.6892,0.9273,0.7907,0.9526,0.84,129.8873,90.7869,46.1633,37,5.0,85,56,29,32.25,51,23,152,4
70,run_0070,64,0.3,64,0.0005,5,8,20,0.9,0.0001,0.9,0.7222,0.9455,0.8189,0.9621,0.8695,122.1988,69.2167,57.2349,44,11.6,85,56,29,32.25,52,20,155,3
71,run_0071,64,0.3,64,0.0005,8,4,20,0.9,0.0001,0.8957,0.7385,0.8727,0.8,0.9596,0.8816,140.3299,89.1689,61.5074,64,8.4,85,56,29,32.25,48,17,158,7
72,run_0072,64,0.3,64,0.0005,8,8,20,0.9,0.0001,0.9087,0.7656,0.8909,0.8235,0.9619,0.8694,135.1374,79.8752,65.0825,46,12.9,85,56,29,32.25,49,15,160,6
73,run_0073,64,0.4,24,0.0003,5,4,20,0.9,0.0001,0.9043,0.7705,0.8545,0.8103,0.9553,0.8542,121.4668,101.88,19.8985,139,16.7,85,56,29,32.25,47,14,161,8
74,run_0074,64,0.4,24,0.0003,5,8,20,0.9,0.0001,0.887,0.6986,0.9273,0.7969,0.9457,0.8001,113.8096,86.4029,27.5143,83,19.4,85,56,29,32.25,51,22,153,4
75,run_0075,64,0.4,24,0.0003,8,4,20,0.9,0.0001,0.913,0.7536,0.9455,0.8387,0.9605,0.8673,129.7312,109.5332,21.238,116,13.9,85,56,29,32.25,52,17,158,3
76,run_0076,64,0.4,24,0.0003,8,8,20,0.9,0.0001,0.9174,0.75,0.9818,0.8504,0.9602,0.8096,121.0851,89.0701,33.169,116,28.4,85,56,29,32.25,54,18,157,1
77,run_0077,64,0.4,24,0.0005,5,4,20,0.9,0.0001,0.9087,0.7576,0.9091,0.8264,0.9615,0.8637,124.7051,99.7955,25.9241,74,9.7,85,56,29,32.25,50,16,159,5
78,run_0078,64,0.4,24,0.0005,5,8,20,0.9,0.0001,0.8913,0.7273,0.8727,0.7934,0.9448,0.8216,116.0149,83.1162,35.8033,61,14.8,85,56,29,32.25,48,18,157,7
79,run_0079,64,0.4,24,0.0005,8,4,20,0.9,0.0001,0.913,0.7397,0.9818,0.8438,0.9725,0.9128,131.2373,106.1173,26.688,74,9.5,85,56,29,32.25,54,19,156,1
80,run_0080,64,0.4,24,0.0005,8,8,20,0.9,0.0001,0.9217,0.7846,0.9273,0.85,0.9751,0.9194,129.0166,87.5118,54.2786,74,18.7,85,56,29,32.25,51,14,161,4
81,run_0081,64,0.4,32,0.0003,5,4,20,0.9,0.0001,0.9087,0.7429,0.9455,0.832,0.967,0.8921,125.6968,101.6443,25.3293,82,9.4,85,56,29,32.25,52,18,157,3
82,run_0082,64,0.4,32,0.0003,5,8,20,0.9,0.0001,0.887,0.7377,0.8182,0.7759,0.9434,0.7992,114.5718,83.9087,31.7014,61,14.5,85,56,29,32.25,45,16,159,10
83,run_0083,64,0.4,32,0.0003,8,4,20,0.9,0.0001,0.9043,0.7391,0.9273,0.8226,0.9612,0.8722,132.1066,106.0526,28.1828,83,10.9,85,56,29,32.25,51,18,157,4
84,run_0084,64,0.4,32,0.0003,8,8,20,0.9,0.0001,0.913,0.7778,0.8909,0.8305,0.9632,0.8755,124.7093,89.9641,35.5491,73,18.9,85,56,29,32.25,49,14,161,6
85,run_0085,64,0.4,32,0.0005,5,4,20,0.9,0.0001,0.913,0.7397,0.9818,0.8438,0.9649,0.8763,125.5181,96.624,31.2064,56,6.9,85,56,29,32.25,54,19,156,1
86,run_0086,64,0.4,32,0.0005,5,8,20,0.9,0.0001,0.8739,0.6857,0.8727,0.768,0.9442,0.8263,117.931,75.2339,47.2543,60,14.6,85,56,29,32.25,48,22,153,7
87,run_0087,64,0.4,32,0.0005,8,4,20,0.9,0.0001,0.9,0.75,0.8727,0.8067,0.958,0.8723,136.0531,103.4023,36.3001,54,6.9,85,56,29,32.25,48,16,159,7
88,run_0088,64,0.4,32,0.0005,8,8,20,0.9,0.0001,0.9,0.7353,0.9091,0.813,0.96,0.8716,126.6814,78.7745,52.8167,78,20.0,85,56,29,32.25,50,18,157,5
89,run_0089,64,0.4,64,0.0003,5,4,20,0.9,0.0001,0.9174,0.8214,0.8364,0.8288,0.9689,0.9077,129.4985,94.6322,38.9925,45,5.8,85,56,29,32.25,46,10,165,9
90,run_0090,64,0.4,64,0.0003,5,8,20,0.9,0.0001,0.9087,0.7833,0.8545,0.8174,0.9626,0.8909,119.4421,77.6197,46.5292,42,10.9,85,56,29,32.25,47,13,162,8
91,run_0091,64,0.4,64,0.0003,8,4,20,0.9,0.0001,0.8783,0.6667,0.9818,0.7941,0.9486,0.8258,137.8361,102.6977,36.3676,46,6.7,85,56,29,32.25,54,27,148,1
92,run_0092,64,0.4,64,0.0003,8,8,20,0.9,0.0001,0.8957,0.7313,0.8909,0.8033,0.9518,0.8473,128.1523,86.5546,45.0836,46,11.9,85,56,29,32.25,49,18,157,6
93,run_0093,64,0.4,64,0.0005,5,4,20,0.9,0.0001,0.9043,0.7391,0.9273,0.8226,0.9618,0.8832,129.6344,90.2748,44.4079,35,4.6,85,56,29,32.25,51,18,157,4
94,run_0094,64,0.4,64,0.0005,5,8,20,0.9,0.0001,0.8739,0.7097,0.8,0.7521,0.9411,0.8189,121.7958,74.2542,51.1503,38,9.7,85,56,29,32.25,44,18,157,11
95,run_0095,64,0.4,64,0.0005,8,4,20,0.9,0.0001,0.9043,0.7705,0.8545,0.8103,0.9645,0.896,145.1096,94.8142,58.9216,48,6.3,85,56,29,32.25,47,14,161,8
96,run_0096,64,0.4,64,0.0005,8,8,20,0.9,0.0001,0.8565,0.625,1.0,0.7692,0.9386,0.787,134.4294,83.5028,58.0218,40,10.9,85,56,29,32.25,55,33,142,0
